"Accuracy","Precision","Recall","F1","ROC"
0.983333333333333,0.96875,1,0.984126984126984,0.990141369047619
