"Accuracy","Precision","Recall","F1","ROC"
0.7,0.697916666666667,0.728260869565217,0.712765957446808,0.781312003968254
