"Accuracy","Precision","Recall","F1","ROC"
0.694444444444444,0.635416666666667,0.753086419753086,0.689265536723164,0.760106646825397
