"cp","Accuracy","Precision","Recall","F1","ROC","AccuracySD","PrecisionSD","RecallSD","F1SD","ROCSD"
0.0193050193050193,0.675177027899966,0.662891549769266,0.573030769230769,0.60957218368641,0.678750954254079,0.057410588262787,0.0827608606455796,0.09667237467149,0.0722994944979575,0.0607978975492547
0.0231660231660232,0.672257887559343,0.672465284742738,0.541415384615385,0.593182405044998,0.67378175990676,0.0568840307873746,0.0876048655671855,0.0992255421064737,0.0745257745804536,0.0624559619332454
0.32046332046332,0.618185938252997,0.692146093023286,0.269276923076923,0.5243427288233,0.584605317599068,0.0567185940058004,0.0727671780274927,0.213334953261736,0.0520537718861291,0.0702617666094604
