"Accuracy","Precision","Recall","F1","ROC"
0.682758620689655,0.555984555984556,0.676056338028169,0.610169491525424,0.746791517819555
