"Accuracy","Precision","Recall","F1","ROC"
0.63412870571222,0.764197530864198,0.662740899357602,0.709862385321101,0.687350526792063
