"Accuracy","Precision","Recall","F1","ROC"
0.712837837837838,0.677018633540373,0.767605633802817,0.71947194719472,0.793121693121693
