"cp","Accuracy","Precision","Recall","F1","ROC","AccuracySD","PrecisionSD","RecallSD","F1SD","ROCSD"
0.0197530864197531,0.646604375231739,0.687237126951136,0.663382352941176,0.667903638107723,0.697775331286361,0.0827985512196402,0.0933149870545715,0.124865932437552,0.0849705198573596,0.0844166643386172
0.177777777777778,0.635201334816463,0.806529759728289,0.497904411764706,0.572974838187571,0.675239172592114,0.0752953203823109,0.139581039402719,0.206706486901646,0.144961792636541,0.0828486384227361
0.207407407407407,0.559059695958472,0.700978032617076,0.656948529411765,0.566966330248146,0.552567671299289,0.033881805925965,0.18674813206536,0.361060539295707,0.152500605136796,0.0619984908180247
