"Accuracy","Precision","Recall","F1","ROC"
0.722972972972973,0.664596273291925,0.792592592592593,0.722972972972973,0.820243846330803
