"cp","ROC","Sens","Spec","ROCSD","SensSD","SpecSD"
0.0119047619047619,0.698389660493827,0.640416666666667,0.662666666666667,0.100690585691838,0.155500619107163,0.155695944345611
0.0198412698412698,0.691572530864198,0.636805555555556,0.700444444444444,0.0991226747821871,0.166284810874961,0.145386035742609
0.0357142857142857,0.681788580246914,0.607916666666667,0.734222222222222,0.092008000957611,0.164618151024088,0.129467719953812
0.0476190476190476,0.676743055555556,0.619305555555556,0.727,0.0916428460424931,0.163540344909959,0.131774037871614
0.416666666666667,0.590402777777778,0.359583333333333,0.821222222222222,0.088471878649783,0.316979184742933,0.174900217397354
