"Accuracy","Precision","Recall","F1","ROC"
0.722222222222222,0.666666666666667,0.780487804878049,0.719101123595505,0.772569444444444
