"cp","Accuracy","Precision","Recall","F1","ROC","AccuracySD","PrecisionSD","RecallSD","F1SD","ROCSD"
0.0357142857142857,0.679205366357069,0.697777167277167,0.729111111111111,0.704034000610747,0.682841820987654,0.0897059442331436,0.109066253935225,0.141154628001035,0.0943732756812273,0.0978416013412984
0.0476190476190476,0.674169246646027,0.695290515040515,0.724222222222222,0.698473930099903,0.675740740740741,0.090307610856566,0.113085070702113,0.149149645190431,0.0977727410937951,0.097222916874499
0.416666666666667,0.578409012727898,0.59339200050036,0.825666666666667,0.668274338116363,0.56325,0.0751758500191644,0.100990798036063,0.204700316873584,0.0811540229712759,0.0823519230230189
