"parameter","ROC","Sens","Spec","ROCSD","SensSD","SpecSD"
"none",0.748782407407407,0.658472222222222,0.672444444444444,0.114401639230116,0.162608360275618,0.144306072028319
