"usekernel","laplace","adjust","ROC","Sens","Spec","ROCSD","SensSD","SpecSD"
FALSE,0,1,0.73101774691358,0.747777777777778,0.602222222222222,0.111920194289028,0.130926652187014,0.132319376919699
TRUE,0,1,0.720293981481481,0.694444444444444,0.640333333333333,0.110645437880193,0.161464838669135,0.144324866328634
