"Accuracy","Precision","Recall","F1","ROC"
0.943103448275862,0.88030888030888,0.991304347826087,0.932515337423313,0.991875052622716
