"Accuracy","Precision","Recall","F1","ROC"
0.746551724137931,0.571428571428571,0.804347826086957,0.668171557562077,0.778136614585213
