"usekernel","laplace","adjust","ROC","Sens","Spec","ROCSD","SensSD","SpecSD"
FALSE,0,1,0.705641564685315,0.791581439393939,0.538415384615385,0.0620195744715748,0.0605302518813954,0.0980792049950117
TRUE,0,1,0.727032692307692,0.799706439393939,0.561584615384615,0.0608776344026831,0.0721884230824164,0.0927439715837993
