"cp","ROC","Sens","Spec","ROCSD","SensSD","SpecSD"
0.00772200772200772,0.719413111888112,0.764223484848485,0.593676923076923,0.0646128130193924,0.0883516499008102,0.106567753806934
0.0115830115830116,0.700037856934732,0.780464015151515,0.5706,0.0625470820418208,0.0885798870823116,0.109114572075505
0.0193050193050193,0.689616528263403,0.769280303030303,0.590138461538462,0.0635683404113051,0.0831552623419335,0.0972817072220582
0.0231660231660232,0.689713344988345,0.774867424242424,0.575830769230769,0.0577061670540106,0.0883936375421808,0.104063468263611
0.32046332046332,0.583883697552448,0.907244318181818,0.260523076923077,0.0736585949998407,0.0879211718477938,0.217033671598705
