"Accuracy","Precision","Recall","F1","ROC"
0.762068965517241,0.656370656370656,0.776255707762557,0.711297071129707,0.844104451581087
