"parameter","ROC","Sens","Spec","ROCSD","SensSD","SpecSD"
"none",0.750594755244755,0.790558712121212,0.575630769230769,0.0668469768438093,0.0765897408745454,0.109061935466672
