"Accuracy","Precision","Recall","F1","ROC"
0.753434562545192,0.8,0.783555018137848,0.791692119731216,0.830904057052981
