"Accuracy","Precision","Recall","F1","ROC"
0.976861894432393,0.98641975308642,0.974390243902439,0.980368098159509,0.973660396871566
