"cp","ROC","Sens","Spec","ROCSD","SensSD","SpecSD"
0.012216404886562,0.706959605804635,0.606288566243194,0.737654320987654,0.0456887208033528,0.0821084041339872,0.0624936971353079
0.0127981384525887,0.705075508054939,0.593557168784029,0.743456790123457,0.0464844010203471,0.0845898005415734,0.0620289478222698
0.0148342059336824,0.702299018619345,0.599289171203872,0.737901234567901,0.0457933877424533,0.0865617547973655,0.0619612766306951
0.0418848167539267,0.692743851433607,0.618696309739867,0.714444444444444,0.046187377708233,0.131226023497098,0.0785851518920339
0.0860965677719605,0.523633293002622,0.10222020568663,0.942592592592593,0.05474215817542,0.233036769699095,0.131164495087538
