"Accuracy","Precision","Recall","F1","ROC"
0.689804772234273,0.707407407407407,0.749019607843137,0.727619047619048,0.765637860082304
