"cp","Accuracy","Precision","Recall","F1","ROC","AccuracySD","PrecisionSD","RecallSD","F1SD","ROCSD"
0.0148342059336824,0.684241997706183,0.726227642108328,0.744074074074074,0.733362491233047,0.707928999275541,0.0332860871596274,0.0343266032077344,0.0575825636202602,0.0318408793967771,0.0387246734411437
0.0418848167539267,0.679618392242728,0.73972539898047,0.707283950617284,0.720217019809407,0.697919290030099,0.035827284377089,0.0442942957479673,0.0674444155568866,0.0344102681981051,0.0360857612844891
0.0860965677719605,0.601960692315713,0.620233320457326,0.921851851851852,0.727778890700026,0.536573457910421,0.0326350946106964,0.0672618858544344,0.149019086455533,0.0232237906976367,0.0703804122016022
