"mtry","ROC","Sens","Spec","ROCSD","SensSD","SpecSD"
2,0.754089384807272,0.565178463399879,0.793086419753086,0.0404135202424486,0.0657334153269321,0.0446724831114795
3,0.754905652274577,0.568336358136721,0.789012345679012,0.0402964311358496,0.0713800346282928,0.0416762377408965
5,0.753144507181107,0.576194797338173,0.778518518518518,0.039433963898724,0.0668114943590082,0.0415180154914498
6,0.752719298245614,0.574443436176649,0.778024691358025,0.0398989707714205,0.0672048238409652,0.041745813067824
8,0.752294910861658,0.581079854809437,0.773950617283951,0.0400992318274127,0.0690204298268355,0.0440329218106996
