"usekernel","laplace","adjust","ROC","Sens","Spec","ROCSD","SensSD","SpecSD"
FALSE,0,1,0.713221957085135,0.763614640048397,0.498888888888889,0.0434259484828266,0.0545226641855988,0.0627817594067411
TRUE,0,1,0.736614218069653,0.633118572292801,0.702962962962963,0.0393022605318418,0.06462123655609,0.051543331219946
