"parameter","ROC","Sens","Spec","ROCSD","SensSD","SpecSD"
"none",0.680284574249587,0.450423472474289,0.75641975308642,0.0428896832452139,0.0535352049470588,0.0487190407290387
