"Accuracy","Precision","Recall","F1","ROC"
0.97972972972973,0.987577639751553,0.975460122699387,0.981481481481482,0.996848401196227
