"usekernel","laplace","adjust","ROC","Sens","Spec","ROCSD","SensSD","SpecSD"
FALSE,0,1,0.78266018907563,0.743571428571429,0.675073529411765,0.0827311770565059,0.122398485222187,0.111312858045343
TRUE,0,1,0.758969174208145,0.647692307692308,0.734044117647059,0.0878745678546873,0.130064252060135,0.0928689316696913
