"Accuracy","Precision","Recall","F1","ROC"
0.706081081081081,0.739130434782609,0.725609756097561,0.732307692307692,0.7783988957902
