"parameter","ROC","Sens","Spec","ROCSD","SensSD","SpecSD"
"none",0.757905623787977,0.64956043956044,0.717830882352941,0.0782494566119987,0.126788183352712,0.102424450878156
