"mtry","ROC","Sens","Spec","ROCSD","SensSD","SpecSD"
2,0.69458690206852,0.528131868131868,0.712647058823529,0.0922259919457581,0.1278389709621,0.108652518954798
3,0.696131726729153,0.531483516483516,0.696470588235294,0.0906957847054635,0.120203296993773,0.116347452719388
5,0.69371949741435,0.539230769230769,0.674889705882353,0.0912083217644228,0.133960579039677,0.123490429322545
6,0.693557894311571,0.544285714285714,0.669301470588235,0.0912823235821164,0.132904270984656,0.116942117748402
8,0.691584619424693,0.553241758241758,0.656066176470588,0.0903993835163641,0.132181554400044,0.118362508854838
