"cp","ROC","Sens","Spec","ROCSD","SensSD","SpecSD"
0.0185185185185185,0.700225739334195,0.624065934065934,0.649227941176471,0.0979378553716221,0.149681145677999,0.118631795590438
0.0197530864197531,0.700251898836458,0.623406593406593,0.652316176470588,0.0962455286660544,0.149997082661021,0.120487625911898
0.0222222222222222,0.699624373787977,0.628406593406593,0.656507352941176,0.0954683302122517,0.154011880909941,0.120863243749918
0.177777777777778,0.65978941095669,0.808186813186813,0.473933823529412,0.0832676988271907,0.23893406759067,0.213036776663303
0.207407407407407,0.549938994828701,0.453186813186813,0.646691176470588,0.059882719771667,0.466154574117231,0.362925903114266
